{"valuasi_awal":100000000,"harga_unit_awal":1000,"jumlah_unit_awal":100000,"valuasi_saat_ini":102400000,"jumlah_unit_penyertaan":94131.986,"harga_unit":2666.666666666667,"yield":0.6666666666666667,"ihsg_start":0,"ihsg_end":0,"yield_ihsg":0}